index,raw_X,local_X,Z,C_unwrapped,pass_id
2,49.9393,49.9393,0.0422,-90.0,1
82,46.1309,46.1309,4.0398,-381.4517,1
162,45.2976,45.2976,3.6943,-681.832,1
242,44.4486,44.4486,3.2746,-987.8415,1
322,43.5832,43.5832,2.8322,-1299.8089,1
402,42.7002,42.7002,2.4063,-1618.0964,1
482,41.7985,41.7985,2.02,-1943.1043,1
562,40.877,40.877,1.683,-2275.2774,1
642,39.9343,39.9343,1.3964,-2615.1112,1
722,38.9687,38.9687,1.1562,-2963.1617,1
802,37.9786,37.9786,0.9564,-3320.0552,1
882,36.962,36.962,0.791,-3686.502,1
962,35.9167,35.9167,0.6541,-4063.3129,1
1042,34.84,34.84,0.5408,-4451.4203,1
1122,33.729,33.729,0.4467,-4851.9054,1
1202,32.5801,32.5801,0.3684,-5266.0337,1
1282,31.3892,31.3892,0.303,-5695.3022,1
1362,30.1514,30.1514,0.2483,-6141.5035,1
1442,28.8605,28.8605,0.2024,-6606.8146,1
1522,27.5092,27.5092,0.1638,-7093.9233,1
1602,26.088,26.088,0.1313,-7606.2132,1
1682,24.5849,24.5849,0.1039,-8148.046,1
1762,22.9837,22.9837,0.0809,-8725.2097,1
1842,21.2624,21.2624,0.0614,-9345.6719,1
1922,19.3891,19.3891,0.0452,-10020.9375,1
2002,17.3146,17.3146,0.0316,-10768.7367,1
2082,14.9555,14.9555,0.0205,-11619.0994,1
2162,12.1478,12.1478,0.0115,-12631.18,1
2242,8.4584,8.4584,0.0045,-13961.0899,1
2328,239.9437,42.94370000000001,0.8599,-16652.7222,2
2408,239.9141,42.91409999999999,0.8546,-16865.9902,2
2488,239.8845,42.8845,0.8493,-17079.4053,2
2568,239.8549,42.85489999999999,0.8438,-17292.9678,2
2648,239.8253,42.8253,0.8382,-17506.678,2
2728,239.7956,42.79560000000001,0.8324,-17720.5362,2
2808,239.7659,42.76589999999999,0.8264,-17934.5428,2
2888,239.7362,42.7362,0.8202,-18148.6981,2
2968,239.7065,42.706500000000005,0.8136,-18363.0023,2
3048,239.6767,42.67670000000001,0.8071,-18577.4557,2
3128,239.647,42.64699999999999,0.799,-18792.0588,2
3208,239.6172,42.6172,0.7919,-19006.8117,2
3288,239.5874,42.5874,0.7851,-19221.7149,2
3368,239.5576,42.55760000000001,0.778,-19436.7685,2
3448,239.5277,42.52770000000001,0.7705,-19651.9731,2
3528,239.4978,42.49780000000001,0.7606,-19867.3287,2
3608,239.4679,42.467899999999986,0.7526,-20082.8359,2
3688,239.438,42.43799999999999,0.7448,-20298.4948,2
3768,239.4081,42.40809999999999,0.7365,-20514.3059,2
3848,239.3781,42.37809999999999,0.7294,-20730.2694,2
3928,239.3482,42.34819999999999,0.7215,-20946.3857,2
4008,239.3182,42.31819999999999,0.7126,-21162.6551,2
4088,239.2881,42.288099999999986,0.7035,-21379.0778,2
4168,239.2581,42.25810000000001,0.6942,-21595.6544,2
4248,239.228,42.22800000000001,0.6847,-21812.385,2
4328,239.1979,42.197900000000004,0.6751,-22029.27,2
4408,239.1678,42.1678,0.6653,-22246.3097,2
4488,239.1377,42.137699999999995,0.6553,-22463.5045,2
4568,239.1076,42.10759999999999,0.6452,-22680.8547,2
4648,239.0774,42.07740000000001,0.6349,-22898.3606,2
4728,239.0472,42.047200000000004,0.6168,-23116.0226,2
4808,239.017,42.016999999999996,0.6063,-23333.8409,2
4888,238.9868,41.98679999999999,0.5955,-23551.8161,2
4968,238.9565,41.956500000000005,0.5847,-23769.9482,2
5048,238.9262,41.926199999999994,0.5736,-23988.2379,2
5128,238.8959,41.89590000000001,0.5625,-24206.6852,2
5208,238.8656,41.8656,0.5512,-24425.2907,2
5288,238.8353,41.83529999999999,0.5398,-24644.0546,2
5368,238.8049,41.8049,0.5282,-24862.9773,2
5448,238.7745,41.77449999999999,0.5165,-25082.0592,2
5528,238.7441,41.7441,0.5046,-25301.3005,2
5608,238.7137,41.71369999999999,0.4927,-25520.7016,2
5688,238.6832,41.6832,0.4806,-25740.263,2
5768,238.6527,41.65270000000001,0.4684,-25959.9849,2
5848,238.6222,41.62219999999999,0.456,-26179.8676,2
5928,238.5917,41.5917,0.4436,-26399.9116,2
6008,238.5612,41.561200000000014,0.431,-26620.1172,2
6088,238.5306,41.53059999999999,0.4184,-26840.4848,2
6168,238.5,41.5,0.4056,-27061.0146,2
6248,238.4694,41.46940000000001,0.3927,-27281.7072,2
6328,238.4388,41.438799999999986,0.3798,-27502.5627,2
6408,238.4081,41.40809999999999,0.3667,-27723.5817,2
6488,238.3774,41.377399999999994,0.3535,-27944.7644,2
6568,238.3467,41.3467,0.3403,-28166.1112,2
6648,238.316,41.316,0.3269,-28387.6225,2
6728,238.2852,41.2852,0.3135,-28609.2987,2
6808,238.2545,41.25450000000001,0.3,-28831.14,2
6888,238.2237,41.22370000000001,0.2863,-29053.147,2
6968,238.1929,41.19290000000001,0.2727,-29275.3199,2
7048,238.162,41.162000000000006,0.2589,-29497.6592,2
7128,238.1312,41.13120000000001,0.2451,-29720.1652,2
7208,238.1003,41.100300000000004,0.2312,-29942.8383,2
7288,238.0694,41.0694,0.2173,-30165.6788,2
7368,238.0384,41.038399999999996,0.2032,-30388.6872,2
7448,238.0075,41.00749999999999,0.1892,-30611.8637,2
7528,237.9765,40.97649999999999,0.175,-30835.2089,2
7608,237.9455,40.94550000000001,0.1608,-31058.7231,2
7688,237.9145,40.914500000000004,0.1466,-31282.4066,2
7768,237.8834,40.883399999999995,0.1323,-31506.2599,2
7848,237.8523,40.852300000000014,0.118,-31730.2834,2
7928,237.8212,40.821200000000005,0.1036,-31954.4773,2
8008,237.7901,40.790099999999995,0.0891,-32178.8422,2
8088,237.759,40.758999999999986,0.0747,-32403.3784,2
8168,237.7278,40.7278,0.0601,-32628.0863,2
8248,237.6966,40.69659999999999,0.0456,-32852.9663,2
8328,237.6654,40.665400000000005,0.031,-33078.0188,2
8408,237.6342,40.63419999999999,0.0164,-33303.2442,2
8488,237.6029,40.602900000000005,0.0018,-33528.6428,2
8568,237.5716,40.57159999999999,-0.0128,-33754.2152,2
8648,237.5403,40.5403,-0.0275,-33979.9617,2
8728,237.509,40.508999999999986,-0.0422,-34205.8826,2
8808,237.4776,40.477599999999995,-0.0569,-34431.9785,2
8888,237.4462,40.446200000000005,-0.0716,-34658.2496,2
8968,237.4148,40.414800000000014,-0.0863,-34884.6965,2
9048,237.3834,40.383399999999995,-0.1011,-35111.3195,2
9128,237.3519,40.3519,-0.1158,-35338.1191,2
9208,237.3204,40.32040000000001,-0.1306,-35565.0956,2
9288,237.2889,40.28890000000001,-0.1453,-35792.2495,2
9368,237.2574,40.25739999999999,-0.1601,-36019.5811,2
9448,237.2258,40.22579999999999,-0.1749,-36247.091,2
9528,237.1942,40.194199999999995,-0.1896,-36474.7795,2
9608,237.1626,40.1626,-0.2044,-36702.647,2
9688,237.131,40.131,-0.2191,-36930.694,2
9768,237.0993,40.0993,-0.2338,-37158.9209,2
9848,237.0677,40.0677,-0.2485,-37387.3281,2
9928,237.036,40.036,-0.2633,-37615.916,2
10008,237.0042,40.0042,-0.2779,-37844.6851,2
10088,236.9725,39.9725,-0.2926,-38073.6359,2
10168,236.9407,39.94069999999999,-0.3073,-38302.7686,2
10248,236.9089,39.90889999999999,-0.3219,-38532.0839,2
10328,236.877,39.87700000000001,-0.3366,-38761.582,2
10408,236.8452,39.845200000000006,-0.3511,-38991.2635,2
10488,236.8133,39.8133,-0.3657,-39221.1288,2
10568,236.7814,39.78139999999999,-0.3803,-39451.1783,2
10648,236.7495,39.74950000000001,-0.3948,-39681.4125,2
10728,236.7175,39.7175,-0.4092,-39911.8319,2
10808,236.6855,39.68549999999999,-0.4237,-40142.4368,2
10888,236.6535,39.65350000000001,-0.4381,-40373.2277,2
10968,236.6215,39.6215,-0.4525,-40604.205,2
11048,236.5894,39.58940000000001,-0.4669,-40835.3693,2
11128,236.5573,39.5573,-0.4812,-41066.721,2
11208,236.5252,39.52520000000001,-0.4954,-41298.2605,2
11288,236.493,39.492999999999995,-0.5097,-41529.9883,2
11368,236.4609,39.46090000000001,-0.5239,-41761.9048,2
11448,236.4287,39.42869999999999,-0.538,-41994.0106,2
11528,236.3965,39.3965,-0.5521,-42226.306,2
11608,236.3642,39.36420000000001,-0.5662,-42458.7916,2
11688,236.3319,39.33189999999999,-0.5802,-42691.4678,2
11768,236.2996,39.2996,-0.5942,-42924.3351,2
11848,236.2673,39.267300000000006,-0.6081,-43157.3939,2
11928,236.2349,39.23490000000001,-0.622,-43390.6447,2
12008,236.2026,39.20259999999999,-0.6358,-43624.088,2
12088,236.1702,39.170199999999994,-0.6496,-43857.7244,2
12168,236.1377,39.137699999999995,-0.6634,-44091.5541,2
12248,236.1053,39.1053,-0.677,-44325.5778,2
12328,236.0724,39.07239999999999,-0.6908,-44562.7249,2
12408,236.0399,39.03989999999999,-0.7044,-44797.1404,2
12488,236.0073,39.00729999999999,-0.7179,-45031.7513,2
12568,235.9747,38.97470000000001,-0.7314,-45266.558,2
12648,235.9421,38.94210000000001,-0.7448,-45501.5612,2
12728,235.9095,38.90950000000001,-0.7581,-45736.7612,2
12808,235.8769,38.876900000000006,-0.7714,-45972.1586,2
12888,235.8442,38.8442,-0.7846,-46207.7539,2
12968,235.8115,38.811499999999995,-0.7978,-46443.5475,2
13048,235.7788,38.77879999999999,-0.8109,-46679.54,2
13128,235.746,38.74600000000001,-0.824,-46915.7318,2
13208,235.7132,38.7132,-0.837,-47152.1236,2
13288,235.6804,38.68039999999999,-0.8499,-47388.7157,2
13368,235.6475,38.64750000000001,-0.8628,-47625.5088,2
13448,235.6147,38.6147,-0.8756,-47862.5032,2
13528,235.5818,38.58179999999999,-0.8883,-48099.6996,2
13608,235.5488,38.5488,-0.901,-48337.0984,2
13688,235.5159,38.51589999999999,-0.9136,-48574.7002,2
13768,235.4829,38.4829,-0.9262,-48812.5054,2
13848,235.4499,38.449900000000014,-0.9387,-49050.5147,2
13928,235.4168,38.416799999999995,-0.9511,-49288.7285,2
14008,235.3838,38.38380000000001,-0.9634,-49527.1473,2
14088,235.3507,38.35069999999999,-0.9757,-49765.7718,2
14168,235.3175,38.317499999999995,-0.988,-50004.6024,2
14248,235.2844,38.284400000000005,-1.0001,-50243.6396,2
14328,235.2512,38.25120000000001,-1.0122,-50482.884,2
14408,235.218,38.21799999999999,-1.0243,-50722.3362,2
14488,235.1847,38.18469999999999,-1.0362,-50961.9967,2
14568,235.1515,38.1515,-1.0481,-51201.8659,2
14648,235.1182,38.1182,-1.0599,-51441.9446,2
14728,235.0848,38.0848,-1.0717,-51682.2331,2
14808,235.0515,38.051500000000004,-1.0834,-51922.7322,2
14888,235.0181,38.018100000000004,-1.095,-52163.4422,2
14968,234.9847,37.984700000000004,-1.1066,-52404.3639,2
15048,234.9512,37.9512,-1.1181,-52645.4977,2
15128,234.9177,37.917699999999996,-1.1295,-52886.8441,2
15208,234.8842,37.88419999999999,-1.1409,-53128.4039,2
15288,234.8507,37.85069999999999,-1.1522,-53370.1775,2
15368,234.8171,37.81710000000001,-1.1634,-53612.1654,2
15448,234.7835,37.783500000000004,-1.1745,-53854.3684,2
15528,234.7499,37.7499,-1.1856,-54096.7869,2
15608,234.7163,37.71629999999999,-1.1966,-54339.4215,2
15688,234.6826,37.68260000000001,-1.2076,-54582.2728,2
15768,234.6489,37.6489,-1.2185,-54825.3415,2
15848,234.6151,37.61510000000001,-1.2293,-55068.6279,2
15928,234.5813,37.5813,-1.2401,-55312.1329,2
16008,234.5475,37.547500000000014,-1.2507,-55555.8568,2
16088,234.5137,37.5137,-1.2613,-55799.8004,2
16168,234.4798,37.47980000000001,-1.2719,-56043.9643,2
16248,234.4459,37.445899999999995,-1.2824,-56288.349,2
16328,234.412,37.412000000000006,-1.2928,-56532.955,2
16408,234.378,37.377999999999986,-1.3031,-56777.7832,2
16488,234.3441,37.3441,-1.3134,-57022.8339,2
16568,234.31,37.31,-1.3236,-57268.108,2
16648,234.276,37.27600000000001,-1.3337,-57513.6058,2
16728,234.2419,37.24189999999999,-1.3438,-57759.3282,2
16808,234.2078,37.20779999999999,-1.3538,-58005.2756,2
16888,234.1736,37.17359999999999,-1.3638,-58251.4487,2
16968,234.1395,37.1395,-1.3737,-58497.8482,2
17048,234.1052,37.105199999999996,-1.3835,-58744.4746,2
17128,234.071,37.071,-1.3932,-58991.3286,2
17208,234.0367,37.036699999999996,-1.4029,-59238.4109,2
17288,234.0024,37.002399999999994,-1.4125,-59485.7219,2
17368,233.9681,36.96809999999999,-1.4221,-59733.2625,2
17448,233.9337,36.93369999999999,-1.4316,-59981.0332,2
17528,233.8993,36.89930000000001,-1.441,-60229.0347,2
17608,233.8649,36.864900000000006,-1.4503,-60477.2675,2
17688,233.8304,36.8304,-1.4596,-60725.7325,2
17768,233.7959,36.79589999999999,-1.4688,-60974.4301,2
17848,233.7614,36.76140000000001,-1.478,-61223.3611,2
17928,233.7268,36.7268,-1.4871,-61472.5262,2
18008,233.6922,36.692200000000014,-1.4962,-61721.9259,2
18088,233.6576,36.6576,-1.5051,-61971.561,2
18168,233.623,36.62299999999999,-1.514,-62221.4322,2
18248,233.5883,36.588300000000004,-1.5229,-62471.54,2
18328,233.5535,36.553500000000014,-1.5317,-62721.8852,2
18408,233.5188,36.5188,-1.5404,-62972.4684,2
18488,233.484,36.48400000000001,-1.5491,-63223.2904,2
18568,233.4492,36.44919999999999,-1.5577,-63474.3517,2
18648,233.4143,36.4143,-1.5662,-63725.6532,2
18728,233.3794,36.379400000000004,-1.5747,-63977.1955,2
18808,233.3445,36.34450000000001,-1.5831,-64228.9792,2
18888,233.3095,36.309500000000014,-1.5915,-64481.0051,2
18968,233.2745,36.27449999999999,-1.5998,-64733.2739,2
19048,233.2395,36.23949999999999,-1.608,-64985.7862,2
19128,233.2045,36.204499999999996,-1.6162,-65238.5429,2
19208,233.1694,36.169399999999996,-1.6243,-65491.5445,2
19288,233.1342,36.13419999999999,-1.6324,-65744.7919,2
19368,233.0991,36.09909999999999,-1.6404,-65998.2857,2
19448,233.0639,36.06389999999999,-1.6484,-66252.0266,2
19528,233.0287,36.028699999999986,-1.6563,-66506.0154,2
19608,232.9934,35.99340000000001,-1.6641,-66760.2528,2
19688,232.9581,35.9581,-1.6719,-67014.7396,2
19768,232.9228,35.922799999999995,-1.6796,-67269.4764,2
19848,232.8874,35.887400000000014,-1.6873,-67524.464,2
19928,232.852,35.852000000000004,-1.6949,-67779.7032,2
20008,232.8165,35.81649999999999,-1.7024,-68035.1946,2
20088,232.7811,35.78110000000001,-1.7099,-68290.9391,2
20168,232.7456,35.745599999999996,-1.7174,-68546.9374,2
20248,232.71,35.71000000000001,-1.7248,-68803.1903,2
20328,232.6744,35.67439999999999,-1.7321,-69059.6985,2
20408,232.6388,35.6388,-1.7394,-69316.4627,2
20488,232.6032,35.60319999999999,-1.7466,-69573.4838,2
20568,232.5675,35.567499999999995,-1.7538,-69830.7625,2
20648,232.5318,35.531800000000004,-1.7609,-70088.2996,2
20728,232.496,35.49600000000001,-1.768,-70346.0959,2
20808,232.4602,35.460199999999986,-1.775,-70604.1522,2
20888,232.4244,35.42439999999999,-1.782,-70862.4692,2
20968,232.3885,35.38849999999999,-1.7889,-71121.0477,2
21048,232.3526,35.352599999999995,-1.7957,-71379.8886,2
21128,232.3167,35.3167,-1.8026,-71638.9927,2
21208,232.2807,35.280699999999996,-1.8093,-71898.3606,2
21288,232.2447,35.244699999999995,-1.816,-72157.9933,2
21368,232.2086,35.20859999999999,-1.8227,-72417.8916,2
21448,232.1725,35.172500000000014,-1.8293,-72678.0563,2
21528,232.1364,35.13640000000001,-1.8359,-72938.4881,2
21608,232.1003,35.100300000000004,-1.8424,-73199.188,2
21688,232.0641,35.064099999999996,-1.8488,-73460.1567,2
21768,232.0278,35.02780000000001,-1.8553,-73721.3951,2
21848,231.9915,34.9915,-1.8616,-73982.9041,2
21928,231.9552,34.95519999999999,-1.8679,-74244.6844,2
22008,231.9189,34.91890000000001,-1.8742,-74506.7369,2
22088,231.8825,34.88249999999999,-1.8804,-74769.0625,2
22168,231.8461,34.84610000000001,-1.8866,-75031.662,2
22248,231.8096,34.80959999999999,-1.8928,-75294.5363,2
22328,231.7727,34.772699999999986,-1.8989,-75560.9774,2
22408,231.7361,34.73609999999999,-1.905,-75824.4073,2
22488,231.6995,34.6995,-1.911,-76088.1146,2
22568,231.6629,34.66290000000001,-1.9169,-76352.1002,2
22648,231.6263,34.626299999999986,-1.9228,-76616.3649,2
22728,231.5896,34.58959999999999,-1.9287,-76880.9097,2
22808,231.5528,34.55279999999999,-1.9345,-77145.7354,2
22888,231.5161,34.516099999999994,-1.9403,-77410.843,2
22968,231.4793,34.479299999999995,-1.946,-77676.2333,2
23048,231.4424,34.44239999999999,-1.9517,-77941.9073,2
23128,231.4055,34.40549999999999,-1.9573,-78207.8658,2
23208,231.3686,34.36859999999999,-1.9629,-78474.1097,2
23288,231.3316,34.33160000000001,-1.9685,-78740.6401,2
23368,231.2946,34.2946,-1.974,-79007.4578,2
23448,231.2576,34.2576,-1.9795,-79274.5637,2
23528,231.2205,34.22049999999999,-1.9849,-79541.9588,2
23608,231.1833,34.1833,-1.9903,-79809.6441,2
23688,231.1462,34.14619999999999,-1.9957,-80077.6204,2
23768,231.1089,34.108900000000006,-2.001,-80345.8887,2
23848,231.0717,34.07169999999999,-2.0063,-80614.4501,2
23928,231.0344,34.034400000000005,-2.0115,-80883.3053,2
24008,230.9971,33.99709999999999,-2.0167,-81152.4555,2
24088,230.9597,33.9597,-2.0219,-81421.9016,2
24168,230.9223,33.92230000000001,-2.027,-81691.6445,2
24248,230.8848,33.88480000000001,-2.0321,-81961.6853,2
24328,230.8473,33.84729999999999,-2.0371,-82232.0249,2
24408,230.8098,33.809799999999996,-2.0421,-82502.6643,2
24488,230.7722,33.7722,-2.0471,-82773.6046,2
24568,230.7346,33.7346,-2.052,-83044.8467,2
24648,230.6969,33.6969,-2.0569,-83316.3916,2
24728,230.6592,33.6592,-2.0617,-83588.2404,2
24808,230.6215,33.6215,-2.0666,-83860.3941,2
24888,230.5837,33.58369999999999,-2.0713,-84132.8537,2
24968,230.5458,33.545800000000014,-2.0761,-84405.6203,2
25048,230.508,33.50800000000001,-2.0808,-84678.6948,2
25128,230.47,33.47,-2.0855,-84952.0784,2
25208,230.4321,33.43209999999999,-2.0901,-85225.772,2
25288,230.3941,33.39410000000001,-2.0947,-85499.7768,2
25368,230.356,33.355999999999995,-2.0993,-85774.0938,2
25448,230.3179,33.31790000000001,-2.1038,-86048.7241,2
25528,230.2798,33.279799999999994,-2.1083,-86323.6687,2
25608,230.2416,33.241600000000005,-2.1128,-86598.9287,2
25688,230.2034,33.20339999999999,-2.1172,-86874.5053,2
25768,230.1651,33.165099999999995,-2.1216,-87150.3995,2
25848,230.1268,33.1268,-2.126,-87426.6124,2
25928,230.0884,33.08840000000001,-2.1303,-87703.1451,2
26008,230.05,33.05000000000001,-2.1346,-87979.9987,2
26088,230.0116,33.01159999999999,-2.1389,-88257.1744,2
26168,229.9731,32.97309999999999,-2.1431,-88534.6733,2
26248,229.9346,32.93459999999999,-2.1474,-88812.4965,2
26328,229.896,32.89599999999999,-2.1515,-89090.6452,2
26408,229.8574,32.85740000000001,-2.1557,-89369.1204,2
26488,229.8187,32.81870000000001,-2.1598,-89647.9234,2
26568,229.78,32.78,-2.1639,-89927.0553,2
26648,229.7412,32.74119999999999,-2.1679,-90206.5174,2
26728,229.7024,32.70240000000001,-2.1719,-90486.3106,2
26808,229.6635,32.6635,-2.1759,-90766.4363,2
26888,229.6246,32.62459999999999,-2.1799,-91046.8956,2
26968,229.5857,32.5857,-2.1838,-91327.6897,2
27048,229.5467,32.54669999999999,-2.1877,-91608.8199,2
27128,229.5076,32.5076,-2.1916,-91890.2873,2
27208,229.4686,32.46860000000001,-2.1954,-92172.0931,2
27288,229.4294,32.42939999999999,-2.1993,-92454.2386,2
27368,229.3902,32.39019999999999,-2.203,-92736.725,2
27448,229.351,32.351,-2.2068,-93019.5535,2
27528,229.3117,32.3117,-2.2105,-93302.7255,2
27608,229.2724,32.272400000000005,-2.2142,-93586.242,2
27688,229.233,32.233000000000004,-2.2179,-93870.1045,2
27768,229.1936,32.1936,-2.2216,-94154.3141,2
27848,229.1541,32.1541,-2.2252,-94438.8722,2
27928,229.1146,32.114599999999996,-2.2288,-94723.78,2
28008,229.075,32.07499999999999,-2.2323,-95009.0388,2
28088,229.0354,32.03540000000001,-2.2359,-95294.65,2
28168,228.9958,31.995800000000003,-2.2394,-95580.6148,2
28248,228.9561,31.956099999999992,-2.2429,-95866.9345,2
28328,228.9163,31.916300000000007,-2.2463,-96153.6105,2
28408,228.8765,31.876499999999993,-2.2498,-96440.6442,2
28488,228.8366,31.836600000000004,-2.2532,-96728.0367,2
28568,228.7967,31.796699999999987,-2.2566,-97015.7896,2
28648,228.7567,31.756699999999995,-2.2599,-97303.9042,2
28728,228.7167,31.716700000000003,-2.2633,-97592.3817,2
28808,228.6767,31.67670000000001,-2.2666,-97881.2237,2
28888,228.6365,31.636500000000012,-2.2699,-98170.4314,2
28968,228.5964,31.59639999999999,-2.2731,-98460.0063,2
29048,228.5562,31.55619999999999,-2.2764,-98749.9499,2
29128,228.5159,31.515899999999988,-2.2796,-99040.2634,2
29208,228.4756,31.475599999999986,-2.2828,-99330.9483,2
29288,228.4352,31.43520000000001,-2.286,-99622.006,2
29368,228.3948,31.394800000000004,-2.2891,-99913.438,2
29448,228.3543,31.354299999999995,-2.2922,-100205.2458,2
29528,228.3138,31.313799999999986,-2.2953,-100497.4308,2
29608,228.2732,31.273200000000003,-2.2984,-100789.9943,2
29688,228.2325,31.232499999999987,-2.3015,-101082.9381,2
29768,228.1919,31.191900000000004,-2.3045,-101376.2634,2
29848,228.1511,31.151100000000014,-2.3075,-101669.9718,2
29928,228.1103,31.110299999999995,-2.3105,-101964.0649,2
30008,228.0695,31.069500000000005,-2.3134,-102258.5441,2
30088,228.0286,31.02860000000001,-2.3164,-102553.4109,2
30168,227.9876,30.987599999999986,-2.3193,-102848.6669,2
30248,227.9466,30.94659999999999,-2.3222,-103144.3137,2
30328,227.9056,30.905599999999993,-2.3251,-103440.3527,2
30408,227.8644,30.86439999999999,-2.328,-103736.7856,2
30488,227.8233,30.82329999999999,-2.3308,-104033.6139,2
30568,227.782,30.78200000000001,-2.3336,-104330.8393,2
30648,227.7408,30.740800000000007,-2.3364,-104628.4632,2
30728,227.6994,30.699399999999997,-2.3392,-104926.4874,2
30808,227.658,30.657999999999987,-2.3419,-105224.9134,2
30888,227.6166,30.616600000000005,-2.3447,-105523.7429,2
30968,227.5751,30.575099999999992,-2.3474,-105822.9775,2
31048,227.5335,30.533500000000004,-2.3501,-106122.6188,2
31128,227.4919,30.491899999999987,-2.3528,-106422.6686,2
31208,227.4502,30.450199999999995,-2.3554,-106723.1285,2
31288,227.4085,30.408500000000004,-2.3581,-107024.0002,2
31368,227.3667,30.36670000000001,-2.3607,-107325.2853,2
31448,227.3248,30.32480000000001,-2.3633,-107626.9857,2
31528,227.2829,30.282900000000012,-2.3659,-107929.1029,2
31608,227.241,30.241000000000014,-2.3684,-108231.6389,2
31688,227.1989,30.19890000000001,-2.371,-108534.5952,2
31768,227.1569,30.156900000000007,-2.3735,-108837.9736,2
31848,227.1147,30.1147,-2.376,-109141.776,2
31928,227.0725,30.07249999999999,-2.3785,-109446.0041,2
32008,227.0303,30.03030000000001,-2.381,-109750.6597,2
32088,226.9879,29.987899999999996,-2.3834,-110055.7446,2
32168,226.9456,29.945600000000013,-2.3858,-110361.2606,2
32248,226.9031,29.903099999999995,-2.3883,-110667.2096,2
32328,226.8601,29.86009999999999,-2.3907,-110977.4259,2
32408,226.8175,29.817499999999995,-2.3931,-111284.2518,2
32488,226.7749,29.774900000000002,-2.3954,-111591.5163,2
32568,226.7322,29.732200000000006,-2.3978,-111899.2212,2
32648,226.6895,29.68950000000001,-2.4001,-112207.3684,2
32728,226.6467,29.64670000000001,-2.4024,-112515.9599,2
32808,226.6038,29.603800000000007,-2.4047,-112824.9976,2
32888,226.5609,29.560900000000004,-2.407,-113134.4835,2
32968,226.5179,29.517899999999997,-2.4093,-113444.4194,2
33048,226.4749,29.47489999999999,-2.4115,-113754.8073,2
33128,226.4317,29.431700000000006,-2.4138,-114065.6493,2
33208,226.3886,29.388599999999997,-2.416,-114376.9473,2
33288,226.3453,29.34530000000001,-2.4182,-114688.7034,2
33368,226.302,29.301999999999992,-2.4204,-115000.9195,2
33448,226.2586,29.2586,-2.4225,-115313.5978,2
33528,226.2152,29.21520000000001,-2.4247,-115626.7402,2
33608,226.1717,29.171699999999987,-2.4268,-115940.3489,2
33688,226.1281,29.12809999999999,-2.429,-116254.4259,2
33768,226.0845,29.08449999999999,-2.4311,-116568.9733,2
33848,226.0408,29.04079999999999,-2.4332,-116883.9933,2
33928,225.997,28.997000000000014,-2.4353,-117199.488,2
34008,225.9532,28.95320000000001,-2.4373,-117515.4596,2
34088,225.9093,28.9093,-2.4394,-117831.9102,2
34168,225.8654,28.865399999999994,-2.4414,-118148.8419,2
34248,225.8213,28.821300000000008,-2.4434,-118466.2571,2
34328,225.7772,28.777199999999993,-2.4454,-118784.1579,2
34408,225.7331,28.733100000000007,-2.4474,-119102.5466,2
34488,225.6888,28.688799999999986,-2.4494,-119421.4253,2
34568,225.6445,28.644499999999994,-2.4514,-119740.7965,2
34648,225.6002,28.6002,-2.4533,-120060.6623,2
34728,225.5557,28.5557,-2.4553,-120381.0251,2
34808,225.5112,28.511200000000002,-2.4572,-120701.8872,2
34888,225.4667,28.466700000000003,-2.4591,-121023.251,2
34968,225.422,28.421999999999997,-2.461,-121345.1187,2
35048,225.3773,28.37729999999999,-2.4629,-121667.4929,2
35128,225.3325,28.33250000000001,-2.4647,-121990.3758,2
35208,225.2877,28.2877,-2.4666,-122313.7699,2
35288,225.2427,28.242700000000013,-2.4684,-122637.6776,2
35368,225.1977,28.197699999999998,-2.4703,-122962.1014,2
35448,225.1527,28.15270000000001,-2.4721,-123287.0438,2
35528,225.1075,28.107499999999987,-2.4739,-123612.5072,2
35608,225.0623,28.062299999999993,-2.4757,-123938.4942,2
35688,225.017,28.016999999999996,-2.4775,-124265.0073,2
35768,224.9716,27.971599999999995,-2.4792,-124592.0491,2
35848,224.9262,27.926199999999994,-2.481,-124919.6221,2
35928,224.8807,27.88069999999999,-2.4827,-125247.7289,2
36008,224.8351,27.83510000000001,-2.4845,-125576.3722,2
36088,224.7894,27.7894,-2.4862,-125905.5546,2
36168,224.7437,27.74369999999999,-2.4879,-126235.2788,2
36248,224.6979,27.697900000000004,-2.4896,-126565.5473,2
36328,224.652,27.651999999999987,-2.4913,-126896.363,2
36408,224.606,27.605999999999995,-2.4929,-127227.7286,2
36488,224.56,27.560000000000002,-2.4946,-127559.6468,2
36568,224.5139,27.513900000000007,-2.4962,-127892.1204,2
36648,224.4677,27.467700000000008,-2.4979,-128225.1522,2
36728,224.4214,27.421400000000006,-2.4995,-128558.745,2
36808,224.3751,27.375100000000003,-2.5011,-128892.9017,2
36888,224.3286,27.328599999999994,-2.5027,-129227.6251,2
36968,224.2821,27.282100000000014,-2.5043,-129562.9181,2
37048,224.2356,27.235600000000005,-2.5059,-129898.7837,2
37128,224.1889,27.18889999999999,-2.5075,-130235.2247,2
37208,224.1421,27.1421,-2.509,-130572.2442,2
37288,224.0953,27.09530000000001,-2.5106,-130909.8451,2
37368,224.0484,27.048399999999987,-2.5121,-131248.0305,2
37448,224.0014,27.00139999999999,-2.5136,-131586.8035,2
37528,223.9543,26.95429999999999,-2.5151,-131926.1669,2
37608,223.9072,26.90719999999999,-2.5167,-132266.1241,2
37688,223.8599,26.85990000000001,-2.5181,-132606.6781,2
37768,223.8126,26.812600000000003,-2.5196,-132947.8321,2
37848,223.7652,26.765199999999993,-2.5211,-133289.5892,2
37928,223.7177,26.717700000000008,-2.5226,-133631.9526,2
38008,223.6702,26.670199999999994,-2.524,-133974.9257,2
38088,223.6225,26.622500000000002,-2.5255,-134318.5116,2
38168,223.5748,26.57480000000001,-2.5269,-134662.7136,2
38248,223.5269,26.526900000000012,-2.5283,-135007.5352,2
38328,223.479,26.479000000000013,-2.5297,-135352.9796,2
38408,223.431,26.43100000000001,-2.5311,-135699.0502,2
38488,223.3829,26.382900000000006,-2.5325,-136045.7505,2
38568,223.3347,26.334699999999998,-2.5339,-136393.0839,2
38648,223.2865,26.28649999999999,-2.5353,-136741.0538,2
38728,223.2381,26.238100000000003,-2.5367,-137089.6639,2
38808,223.1897,26.189699999999988,-2.538,-137438.9176,2
38888,223.1411,26.141099999999994,-2.5394,-137788.8185,2
38968,223.0925,26.0925,-2.5407,-138139.3702,2
39048,223.0438,26.043800000000005,-2.542,-138490.5764,2
39128,222.995,25.995000000000005,-2.5434,-138842.4407,2
39208,222.9461,25.9461,-2.5447,-139194.967,2
39288,222.8971,25.897099999999995,-2.546,-139548.1588,2
39368,222.848,25.848000000000013,-2.5473,-139902.02,2
39448,222.7988,25.7988,-2.5486,-140256.5545,2
39528,222.7496,25.749599999999987,-2.5498,-140611.766,2
39608,222.7002,25.700199999999995,-2.5511,-140967.6585,2
39688,222.6507,25.6507,-2.5523,-141324.2359,2
39768,222.6012,25.601200000000006,-2.5536,-141681.5022,2
39848,222.5515,25.551500000000004,-2.5548,-142039.4614,2
39928,222.5018,25.501800000000003,-2.5561,-142398.1175,2
40008,222.4519,25.451899999999995,-2.5573,-142757.4746,2
40088,222.402,25.401999999999987,-2.5585,-143117.5368,2
40168,222.352,25.352000000000004,-2.5597,-143478.3083,2
40248,222.3018,25.301799999999986,-2.5609,-143839.7934,2
40328,222.2516,25.251599999999996,-2.5621,-144201.9962,2
40408,222.2012,25.2012,-2.5633,-144564.9211,2
40488,222.1508,25.150800000000004,-2.5645,-144928.5724,2
40568,222.1003,25.100300000000004,-2.5656,-145292.9545,2
40648,222.0496,25.049599999999998,-2.5668,-145658.0717,2
40728,221.9989,24.998899999999992,-2.5679,-146023.9286,2
40808,221.948,24.948000000000008,-2.5691,-146390.5297,2
40888,221.8971,24.897099999999995,-2.5702,-146757.8795,2
40968,221.846,24.846000000000004,-2.5713,-147125.9827,2
41048,221.7948,24.79480000000001,-2.5725,-147494.8439,2
41128,221.7436,24.743599999999986,-2.5736,-147864.4678,2
41208,221.6922,24.692200000000014,-2.5747,-148234.8591,2
41288,221.6407,24.64070000000001,-2.5758,-148606.0227,2
41368,221.5891,24.589100000000002,-2.5769,-148977.9634,2
41448,221.5374,24.53739999999999,-2.578,-149350.6861,2
41528,221.4856,24.485600000000005,-2.579,-149724.1957,2
41608,221.4337,24.433699999999988,-2.5801,-150098.4973,2
41688,221.3817,24.381699999999995,-2.5812,-150473.5959,2
41768,221.3295,24.329499999999996,-2.5822,-150849.4967,2
41848,221.2773,24.277299999999997,-2.5833,-151226.2048,2
41928,221.2249,24.22489999999999,-2.5843,-151603.7253,2
42008,221.1724,24.17240000000001,-2.5853,-151982.0637,2
42088,221.1198,24.119799999999998,-2.5863,-152361.2253,2
42168,221.0671,24.06710000000001,-2.5874,-152741.2154,2
42248,221.0143,24.01429999999999,-2.5884,-153122.0394,2
42328,220.9607,23.960700000000003,-2.5894,-153508.4792,2
42408,220.9076,23.907600000000002,-2.5904,-153890.9984,2
42488,220.8545,23.8545,-2.5914,-154274.3685,2
42568,220.8012,23.801199999999994,-2.5924,-154658.5951,2
42648,220.7477,23.74770000000001,-2.5933,-155043.6839,2
42728,220.6942,23.694199999999995,-2.5943,-155429.6409,2
42808,220.6406,23.640600000000006,-2.5953,-155816.4718,2
42888,220.5868,23.58680000000001,-2.5962,-156204.1827,2
42968,220.5329,23.532900000000012,-2.5972,-156592.7796,2
43048,220.4788,23.478800000000007,-2.5981,-156982.2686,2
43128,220.4247,23.4247,-2.5991,-157372.6558,2
43208,220.3704,23.37039999999999,-2.6,-157763.9476,2
43288,220.316,23.316000000000003,-2.6009,-158156.1502,2
43368,220.2615,23.261500000000012,-2.6018,-158549.27,2
43448,220.2068,23.206799999999987,-2.6027,-158943.3135,2
43528,220.152,23.151999999999987,-2.6037,-159338.2872,2
43608,220.0971,23.09710000000001,-2.6046,-159734.1977,2
43688,220.0421,23.042100000000005,-2.6054,-160131.0518,2
43768,219.9869,22.98689999999999,-2.6063,-160528.8562,2
43848,219.9316,22.931600000000003,-2.6072,-160927.6178,2
43928,219.8761,22.876100000000008,-2.6081,-161327.3435,2
44008,219.8206,22.820600000000013,-2.609,-161728.0404,2
44088,219.7649,22.76490000000001,-2.6098,-162129.7155,2
44168,219.709,22.709000000000003,-2.6107,-162532.3761,2
44248,219.653,22.65299999999999,-2.6115,-162936.0294,2
44328,219.5969,22.596900000000005,-2.6124,-163340.6829,2
44408,219.5406,22.540600000000012,-2.6132,-163746.344,2
44488,219.4842,22.484199999999987,-2.6141,-164153.0202,2
44568,219.4277,22.427699999999987,-2.6149,-164560.7192,2
44648,219.371,22.37100000000001,-2.6157,-164969.4489,2
44728,219.3141,22.314099999999996,-2.6165,-165379.217,2
44808,219.2571,22.25710000000001,-2.6173,-165790.0314,2
44888,219.2,22.19999999999999,-2.6181,-166201.9003,2
44968,219.1427,22.14269999999999,-2.619,-166614.8318,2
45048,219.0853,22.08529999999999,-2.6197,-167028.8342,2
45128,219.0277,22.02770000000001,-2.6205,-167443.9159,2
45208,218.97,21.97,-2.6213,-167860.0853,2
45288,218.9121,21.91210000000001,-2.6221,-168277.351,2
45368,218.8541,21.85409999999999,-2.6229,-168695.7217,2
45448,218.7959,21.79589999999999,-2.6236,-169115.2064,2
45528,218.7376,21.737599999999986,-2.6244,-169535.8138,2
45608,218.6791,21.679100000000005,-2.6252,-169957.5531,2
45688,218.6204,21.62039999999999,-2.6259,-170380.4335,2
45768,218.5616,21.5616,-2.6267,-170804.4643,2
45848,218.5026,21.5026,-2.6274,-171229.6549,2
45928,218.4435,21.4435,-2.6282,-171656.0148,2
46008,218.3842,21.384199999999993,-2.6289,-172083.5539,2
46088,218.3247,21.324700000000007,-2.6296,-172512.2818,2
46168,218.2651,21.26509999999999,-2.6303,-172942.2087,2
46248,218.2053,21.205299999999994,-2.6311,-173373.3446,2
46328,218.1453,21.14529999999999,-2.6318,-173805.6998,2
46408,218.0852,21.085199999999986,-2.6325,-174239.2846,2
46488,218.0248,21.0248,-2.6332,-174674.1097,2
46568,217.9644,20.964400000000012,-2.6339,-175110.1856,2
46648,217.9037,20.903699999999986,-2.6346,-175547.5234,2
46728,217.8429,20.842899999999986,-2.6353,-175986.134,2
46808,217.7818,20.781800000000004,-2.6359,-176426.0285,2
46888,217.7206,20.72059999999999,-2.6366,-176867.2184,2
46968,217.6593,20.6593,-2.6373,-177309.7151,2
47048,217.5977,20.597700000000003,-2.638,-177753.5304,2
47128,217.536,20.536,-2.6386,-178198.676,2
47208,217.474,20.47399999999999,-2.6393,-178645.164,2
47288,217.4119,20.411900000000003,-2.64,-179093.0067,2
47368,217.3496,20.34960000000001,-2.6406,-179542.2163,2
47448,217.2871,20.28710000000001,-2.6413,-179992.8056,2
47528,217.2244,20.224400000000003,-2.6419,-180444.7874,2
47608,217.1615,20.16149999999999,-2.6425,-180898.1745,2
47688,217.0984,20.098399999999998,-2.6432,-181352.9802,2
47768,217.0351,20.0351,-2.6438,-181809.218,2
47848,216.9717,19.9717,-2.6444,-182266.9013,2
47928,216.908,19.907999999999987,-2.645,-182726.0441,2
48008,216.8441,19.844099999999997,-2.6457,-183186.6603,2
48088,216.78,19.78,-2.6463,-183648.7644,2
48168,216.7157,19.7157,-2.6469,-184112.3707,2
48248,216.6512,19.65119999999999,-2.6475,-184577.494,2
48328,216.5864,19.586399999999998,-2.6481,-185044.1494,2
48408,216.5215,19.521500000000003,-2.6487,-185512.352,2
48488,216.4563,19.4563,-2.6493,-185982.1174,2
48568,216.3909,19.390899999999988,-2.6499,-186453.4612,2
48648,216.3253,19.3253,-2.6504,-186926.3996,2
48728,216.2595,19.259500000000003,-2.651,-187400.9488,2
48808,216.1935,19.1935,-2.6516,-187877.1254,2
48888,216.1272,19.127199999999988,-2.6522,-188354.9462,2
48968,216.0607,19.060699999999997,-2.6527,-188834.4284,2
49048,215.9939,18.993899999999996,-2.6533,-189315.5895,2
49128,215.927,18.926999999999992,-2.6539,-189798.4471,2
49208,215.8598,18.859800000000007,-2.6544,-190283.0194,2
49288,215.7923,18.79230000000001,-2.655,-190769.3249,2
49368,215.7246,18.72460000000001,-2.6555,-191257.3821,2
49448,215.6567,18.6567,-2.6561,-191747.2102,2
49528,215.5885,18.58850000000001,-2.6566,-192238.8285,2
49608,215.52,18.52000000000001,-2.6571,-192732.257,2
49688,215.4513,18.451300000000003,-2.6577,-193227.5156,2
49768,215.3824,18.38239999999999,-2.6582,-193724.625,2
49848,215.3132,18.313199999999995,-2.6587,-194223.606,2
49928,215.2437,18.24369999999999,-2.6592,-194724.4799,2
50008,215.1739,18.173900000000003,-2.6597,-195227.2685,2
50088,215.1039,18.10390000000001,-2.6603,-195731.9938,2
50168,215.0337,18.03370000000001,-2.6608,-196238.6785,2
50248,214.9631,17.963099999999997,-2.6613,-196747.3454,2
50328,214.8923,17.892300000000006,-2.6618,-197258.0181,2
50408,214.8212,17.821200000000005,-2.6623,-197770.7205,2
50488,214.7497,17.74969999999999,-2.6628,-198285.477,2
50568,214.6781,17.6781,-2.6633,-198802.3124,2
50648,214.6061,17.606099999999998,-2.6637,-199321.2522,2
50728,214.5338,17.533800000000014,-2.6642,-199842.3222,2
50808,214.4612,17.46119999999999,-2.6647,-200365.549,2
50888,214.3883,17.388299999999987,-2.6652,-200890.9595,2
50968,214.3152,17.315200000000004,-2.6657,-201418.5813,2
51048,214.2417,17.24170000000001,-2.6661,-201948.4425,2
51128,214.1679,17.167900000000003,-2.6666,-202480.5719,2
51208,214.0937,17.093700000000013,-2.6671,-203014.999,2
51288,214.0193,17.019299999999987,-2.6675,-203551.7536,2
51368,213.9445,16.944500000000005,-2.668,-204090.8666,2
51448,213.8694,16.869400000000013,-2.6684,-204632.3692,2
51528,213.7939,16.793900000000008,-2.6689,-205176.2935,2
51608,213.7181,16.718099999999993,-2.6693,-205722.6722,2
51688,213.642,16.641999999999996,-2.6698,-206271.5391,2
51768,213.5655,16.565499999999986,-2.6702,-206822.9282,2
51848,213.4887,16.488699999999994,-2.6706,-207376.8748,2
51928,213.4115,16.41149999999999,-2.6711,-207933.4147,2
52008,213.3339,16.3339,-2.6715,-208492.5847,2
52088,213.256,16.256,-2.6719,-209054.4225,2
52168,213.1777,16.177699999999987,-2.6724,-209618.9666,2
52248,213.099,16.09899999999999,-2.6728,-210186.2564,2
52328,213.0189,16.018900000000002,-2.6732,-210763.4763,2
52408,212.9395,15.93950000000001,-2.6736,-211336.4157,2
52488,212.8596,15.8596,-2.674,-211912.2259,2
52568,212.7793,15.779300000000006,-2.6744,-212490.9504,2
52648,212.6986,15.698599999999999,-2.6748,-213072.634,2
52728,212.6175,15.617500000000007,-2.6752,-213657.3224,2
52808,212.536,15.536000000000001,-2.6756,-214245.0628,2
52888,212.4541,15.454100000000011,-2.676,-214835.9034,2
52968,212.3717,15.371700000000004,-2.6764,-215429.8939,2
53048,212.2888,15.288800000000009,-2.6768,-216027.0851,2
53128,212.2056,15.205600000000004,-2.6772,-216627.5294,2
53208,212.1218,15.121800000000007,-2.6776,-217231.2804,2
53288,212.0376,15.037599999999998,-2.678,-217838.3935,2
53368,211.9529,14.9529,-2.6783,-218448.9255,2
53448,211.8677,14.867700000000013,-2.6787,-219062.9347,2
53528,211.7821,14.782100000000014,-2.6791,-219680.4812,2
53608,211.6959,14.695899999999995,-2.6795,-220301.6269,2
53688,211.6093,14.60929999999999,-2.6798,-220926.4355,2
53768,211.5221,14.522099999999995,-2.6802,-221554.9726,2
53848,211.4344,14.43440000000001,-2.6805,-222187.3056,2
53928,211.3461,14.346100000000007,-2.6809,-222823.5043,2
54008,211.2573,14.257299999999987,-2.6812,-223463.6403,2
54088,211.168,14.168000000000006,-2.6816,-224107.7878,2
54168,211.0781,14.078100000000006,-2.6819,-224756.023,2
54248,210.9876,13.987599999999986,-2.6823,-225408.4248,2
54328,210.8965,13.896500000000003,-2.6826,-226065.0746,2
54408,210.8048,13.8048,-2.683,-226726.0565,2
54488,210.7125,13.712500000000006,-2.6833,-227391.4573,2
54568,210.6196,13.619599999999991,-2.6836,-228061.3668,2
54648,210.526,13.52600000000001,-2.684,-228735.8781,2
54728,210.4318,13.43180000000001,-2.6843,-229415.0872,2
54808,210.3369,13.336900000000014,-2.6846,-230099.0936,2
54888,210.2414,13.241399999999999,-2.6849,-230788.0006,2
54968,210.1451,13.145100000000014,-2.6853,-231481.9149,2
55048,210.0482,13.048200000000008,-2.6856,-232180.9474,2
55128,209.9505,12.950500000000005,-2.6859,-232885.2129,2
55208,209.852,12.852000000000004,-2.6862,-233594.8309,2
55288,209.7529,12.752900000000011,-2.6865,-234309.9251,2
55368,209.6529,12.652899999999988,-2.6868,-235030.6245,2
55448,209.5521,12.552099999999996,-2.6871,-235757.0629,2
55528,209.4506,12.450600000000009,-2.6874,-236489.3796,2
55608,209.3481,12.348099999999988,-2.6877,-237227.7196,2
55688,209.2449,12.244900000000001,-2.688,-237972.2342,2
55768,209.1407,12.14070000000001,-2.6883,-238723.0807,2
55848,209.0357,12.035699999999991,-2.6886,-239480.4237,2
55928,208.9297,11.929699999999997,-2.6889,-240244.4346,2
56008,208.8228,11.8228,-2.6892,-241015.2927,2
56088,208.7149,11.7149,-2.6895,-241793.1856,2
56168,208.606,11.605999999999995,-2.6897,-242578.3093,2
56248,208.496,11.49600000000001,-2.69,-243370.8694,2
56328,208.385,11.384999999999991,-2.6903,-244171.0812,2
56408,208.2729,11.272899999999993,-2.6906,-244979.1707,2
56488,208.1597,11.159699999999987,-2.6908,-245795.3753,2
56568,208.0454,11.0454,-2.6911,-246619.9444,2
56648,207.9298,10.9298,-2.6914,-247453.1406,2
56728,207.813,10.812999999999988,-2.6916,-248295.2405,2
56808,207.6949,10.69489999999999,-2.6919,-249146.5357,2
56888,207.5755,10.575500000000005,-2.6922,-250007.3341,2
56968,207.4547,10.454700000000003,-2.6924,-250877.9614,2
57048,207.3326,10.332600000000014,-2.6927,-251758.7621,2
57128,207.2089,10.2089,-2.6929,-252650.1014,2
57208,207.0838,10.083799999999997,-2.6932,-253552.3667,2
57288,206.957,9.956999999999994,-2.6934,-254465.9701,2
57368,206.8287,9.828699999999998,-2.6937,-255391.35,2
57448,206.6986,9.698599999999999,-2.6939,-256328.9738,2
57528,206.5668,9.5668,-2.6941,-257279.3409,2
57608,206.4331,9.433099999999996,-2.6944,-258242.9852,2
57688,206.2976,9.297599999999989,-2.6946,-259220.4793,2
57768,206.16,9.159999999999997,-2.6948,-260212.4381,2
57848,206.0203,9.020299999999992,-2.6951,-261219.5233,2
57928,205.8784,8.8784,-2.6953,-262242.4487,2
58008,205.7342,8.734199999999987,-2.6955,-263281.9861,2
58088,205.5876,8.587600000000009,-2.6958,-264338.972,2
58168,205.4384,8.438400000000001,-2.696,-265414.3157,2
58248,205.2866,8.286599999999993,-2.6962,-266509.0081,2
58328,205.1319,8.131900000000002,-2.6964,-267624.1328,2
58408,204.9742,7.974199999999996,-2.6966,-268760.8783,2
58488,204.8134,7.8134000000000015,-2.6969,-269920.5531,2
58568,204.6491,7.649100000000004,-2.6971,-271104.6034,2
58648,204.4813,7.4813000000000045,-2.6973,-272314.6337,2
58728,204.3096,7.309599999999989,-2.6975,-273552.4331,2
58808,204.1338,7.133800000000008,-2.6977,-274820.0058,2
58888,203.9535,6.953499999999991,-2.698,-276119.6091,2
58968,203.7684,6.768400000000014,-2.6982,-277453.8011,2
59048,203.5782,6.57820000000001,-2.6984,-278825.4997,2
59128,203.3822,6.382200000000012,-2.6986,-280238.0575,2
59208,203.1801,6.18010000000001,-2.6989,-281695.3583,2
59288,202.9711,5.971100000000007,-2.6991,-283201.9435,2
59368,202.7546,5.754600000000011,-2.6994,-284763.1787,2
59448,202.5295,5.529500000000013,-2.6996,-286385.48,2
59528,202.295,5.2949999999999875,-2.6999,-288076.6267,2
59608,202.0495,5.049499999999995,-2.7002,-289846.2048,2
59688,201.7915,4.791500000000013,-2.6988,-291706.2553,2
59768,201.5188,4.518799999999999,-2.699,-293672.2564,2
59848,201.2286,4.2286,-2.6991,-295764.6775,2
59928,200.9169,3.9168999999999983,-2.6993,-298011.5722,2
60008,200.5782,3.5782000000000096,-2.6994,-300453.2138,2
60088,200.204,3.2040000000000077,-2.6995,-303151.1668,2
60168,199.7799,2.779899999999998,-2.6997,-306208.4432,2
60248,199.2785,2.278500000000008,-2.6998,-309823.8361,2
60328,198.63,1.6299999999999955,-2.6999,-314499.0143,2
60408,197.374,0.3739999999999952,-2.7001,-320673.5973,2
